Interval (sec),Avg Capacity (bps),Lower CI (bps),Upper CI (bps)
0.5,14.316804558671521,14.30276776675876,14.330841350584281
1.0,6.105334764545327,3.2588211832328646,8.951848345857789
1.5,4.128861401005219,2.163831614275491,6.093891187734947
2.0,3.881426981026884,3.877897700046202,3.884956262007566
