Interval (sec),Avg Capacity (bps),Lower CI (bps),Upper CI (bps)
0.5,14.294629162897445,14.250139751740946,14.339118574053945
1.0,7.547502837845428,7.5399192230242775,7.555086452666579
1.5,5.128640808153121,5.124172615272702,5.1331090010335405
2.0,3.8852133330315577,3.8817643100977484,3.888662355965367
